ip;port;type;ssl;country;latency(msec);uptime(per cent);checked(UTC)
82.205.252.178;8080;Transparent;false;"United Arab Emirates";16761;91;"Nov 25 08:34:47"
91.121.11.120;8080;Anonymous;false;"France";5241;74;"Nov 25 08:34:22"
82.114.92.33;8080;Transparent;false;"Albania";478;88;"Nov 25 08:34:14"
81.7.102.19;8080;Transparent;false;"Lithuania";401;82;"Nov 25 08:34:14"
87.101.130.218;8080;Anonymous;false;"Saudi Arabia";379;84;"Nov 25 08:33:53"
61.247.51.188;8080;Transparent;false;"Indonesia";1365;89;"Nov 25 08:33:39"
61.247.45.237;8080;Transparent;false;"Indonesia";3346;72;"Nov 25 08:33:38"
61.135.242.168;8080;Transparent;false;"China";3378;95;"Nov 25 08:33:30"
78.131.55.82;8080;Distorting;false;"Hungary";1708;99;"Nov 25 08:32:53"
60.214.67.86;8080;Transparent;false;"China";1384;90;"Nov 25 08:32:16"
59.172.208.190;8080;Transparent;false;"China";4318;59;"Nov 25 08:30:54"
65.246.9.163;8080;Anonymous;false;"United States";3910;75;"Nov 25 08:30:39"
222.57.81.198;8080;Anonymous;false;"China";13382;82;"Nov 25 08:24:44"
221.7.145.42;8080;Transparent;false;"China";6746;91;"Nov 25 08:22:07"
41.73.2.36;8080;Transparent;false;"Nigeria";784;84;"Nov 25 08:21:57"
41.191.27.25;8080;Transparent;false;"Egypt";26487;75;"Nov 25 08:21:25"
219.83.100.195;8080;Transparent;false;"Indonesia";4731;88;"Nov 25 08:21:06"
221.179.173.170;8080;Anonymous;false;"China";2521;99;"Nov 25 08:20:04"
219.234.82.89;8080;Distorting;false;"China";1260;92;"Nov 25 08:20:00"
203.93.28.166;8080;Transparent;false;"China";42691;96;"Nov 25 08:14:46"
202.98.123.126;8080;Distorting;false;"China";15735;81;"Nov 25 08:14:21"
213.244.65.130;8080;Transparent;false;"Palestine";605;88;"Nov 25 08:14:19"
202.148.14.92;8080;Transparent;false;"Indonesia";14350;78;"Nov 25 08:13:58"
202.137.22.183;8080;Transparent;false;"Indonesia";5943;77;"Nov 25 08:13:40"
202.137.21.196;8080;Transparent;false;"Indonesia";1956;74;"Nov 25 08:13:34"
213.131.41.98;8080;Transparent;false;"Georgia";9879;75;"Nov 25 08:13:31"
212.33.250.197;8080;Transparent;false;"Russian Federation";1870;84;"Nov 25 08:12:48"
202.125.88.134;8080;Transparent;false;"Indonesia";22669;78;"Nov 25 08:12:46"
210.4.73.82;8080;Transparent;false;"Bangladesh";2445;77;"Nov 25 08:12:33"
203.189.89.153;8080;Transparent;false;"Indonesia";1135;97;"Nov 25 08:12:25"
203.189.148.102;8080;Transparent;false;"Cambodia";4309;95;"Nov 25 08:12:24"
202.77.108.60;8080;Transparent;false;"Indonesia";1309;87;"Nov 25 08:12:14"
203.131.67.22;8080;Distorting;false;"Philippines";15095;78;"Nov 25 08:10:09"
192.162.150.77;8080;Transparent;false;"Poland";516;93;"Nov 25 08:09:39"
190.95.148.234;8080;Transparent;false;"Ecuador";4110;90;"Nov 25 08:09:35"
200.90.70.69;8080;Transparent;false;"Venezuela";1420;68;"Nov 25 08:09:26"
186.216.192.179;8080;Transparent;false;"Brazil";1410;80;"Nov 25 08:08:39"
190.200.81.200;8080;Transparent;false;"Venezuela";1919;91;"Nov 25 08:08:38"
200.48.194.23;8080;Transparent;false;"Peru";13549;77;"Nov 25 08:08:13"
200.31.75.14;8080;Transparent;false;"Colombia";683;95;"Nov 25 08:07:59"
196.200.80.4;8080;Distorting;false;"Mali";15393;51;"Nov 25 08:07:58"
200.195.132.94;8080;Transparent;false;"Brazil";908;92;"Nov 25 08:07:27"
200.182.190.157;8080;Transparent;false;"Brazil";4003;33;"Nov 25 08:07:25"
200.182.190.153;8080;Transparent;false;"Brazil";10870;35;"Nov 25 08:07:21"
190.111.17.161;8080;Transparent;false;"Guatemala";9557;74;"Nov 25 08:06:58"
200.150.97.139;8080;Distorting;false;"Brazil";18435;75;"Nov 25 08:06:54"
190.108.83.30;8080;Transparent;false;"Peru";1154;91;"Nov 25 08:06:47"
190.105.107.172;8080;Transparent;false;"Argentina";7905;91;"Nov 25 08:06:43"
200.136.218.183;8080;Distorting;false;"Brazil";34685;39;"Nov 25 08:06:35"
190.79.46.81;8080;Transparent;false;"Venezuela";1064;80;"Nov 25 08:05:51"
187.85.89.167;8080;Transparent;false;"Brazil";1924;91;"Nov 25 08:05:27"
190.69.64.146;8080;Transparent;false;"Colombia";3483;93;"Nov 25 08:05:20"
190.66.22.53;8080;Transparent;false;"Colombia";2824;89;"Nov 25 08:05:15"
187.65.192.184;8080;Transparent;false;"Brazil";2832;83;"Nov 25 08:05:10"
177.36.242.105;8080;Transparent;false;"Brazil";1195;59;"Nov 25 08:04:36"
177.34.126.204;8080;Transparent;false;"Brazil";23388;91;"Nov 25 08:04:35"
190.239.210.4;8080;Transparent;false;"Peru";2565;83;"Nov 25 08:04:27"
180.247.12.6;8080;Transparent;false;"Indonesia";7613;70;"Nov 25 08:04:15"
180.245.254.56;8080;Distorting;false;"Indonesia";15214;79;"Nov 25 08:03:36"
173.242.117.146;8080;Transparent;false;"United States";219;97;"Nov 25 08:03:35"
122.144.7.161;8080;Transparent;false;"Indonesia";8832;83;"Nov 25 08:01:37"
124.81.113.183;8080;Transparent;false;"Indonesia";3170;90;"Nov 25 08:00:59"
122.0.66.102;8080;Distorting;false;"China";13391;89;"Nov 25 08:00:57"
124.195.6.243;8080;Transparent;false;"Indonesia";5350;84;"Nov 25 08:00:56"
125.216.144.199;8080;Anonymous;false;"China";1855;96;"Nov 25 08:00:29"
125.214.11.209;8080;Anonymous;false;"Viet Nam";22641;70;"Nov 25 08:00:27"
118.137.74.249;8080;Transparent;false;"Indonesia";8612;93;"Nov 25 08:00:01"
118.126.10.51;8080;Anonymous;false;"China";2267;97;"Nov 25 07:59:51"
120.199.129.54;8080;Transparent;false;"China";4307;92;"Nov 25 07:59:19"
121.52.144.245;8080;Transparent;false;"Pakistan";1110;90;"Nov 25 07:59:10"
110.77.132.61;8080;Transparent;false;"Thailand";3888;66;"Nov 25 07:58:02"
110.77.132.52;8080;Transparent;false;"Thailand";4048;83;"Nov 25 07:57:58"
110.74.195.218;8080;Transparent;false;"Cambodia";3025;66;"Nov 25 07:57:39"
110.74.195.114;8080;Transparent;false;"Cambodia";1260;83;"Nov 25 07:57:36"
115.238.231.198;8080;Transparent;false;"China";917;96;"Nov 25 07:56:54"
110.139.66.8;8080;Transparent;false;"Indonesia";8697;75;"Nov 25 07:56:04"
110.139.206.123;8080;Transparent;false;"Indonesia";4464;71;"Nov 25 07:55:54"
110.139.201.252;8080;Transparent;false;"Indonesia";12408;82;"Nov 25 07:55:49"
119.40.98.26;8080;Transparent;false;"Mongolia";1472;90;"Nov 25 07:55:33"
118.97.91.227;8080;Transparent;false;"Indonesia";3956;81;"Nov 25 07:55:16"
119.252.132.34;8080;Transparent;false;"Indonesia";6298;66;"Nov 25 07:55:15"
114.35.167.38;8080;Distorting;false;"Taiwan";2876;67;"Nov 25 07:54:53"
110.136.167.118;8080;Transparent;false;"Indonesia";10236;95;"Nov 25 07:54:51"
114.32.95.96;8080;Transparent;false;"Taiwan";1605;83;"Nov 25 07:54:50"
118.97.188.146;8080;Transparent;false;"Indonesia";5959;81;"Nov 25 07:54:47"
118.97.174.218;8080;Transparent;false;"Indonesia";5034;84;"Nov 25 07:54:41"
109.185.118.156;8080;Transparent;false;"Moldova";581;89;"Nov 25 07:54:40"
118.96.75.130;8080;Distorting;false;"Indonesia";1655;69;"Nov 25 07:54:34"
103.247.16.6;8080;Transparent;false;"Indonesia";1078;74;"Nov 25 07:53:55"
118.96.250.2;8080;Transparent;false;"Indonesia";1905;81;"Nov 25 07:53:44"
118.96.217.199;8080;Transparent;false;"Indonesia";2090;66;"Nov 25 07:53:41"
113.207.124.165;8080;Transparent;false;"China";2264;98;"Nov 25 07:53:40"
119.2.42.163;8080;Transparent;false;"Indonesia";2054;92;"Nov 25 07:53:20"
118.96.132.162;8080;Transparent;false;"Indonesia";2197;96;"Nov 25 07:53:14"
118.96.121.17;8080;Transparent;false;"Indonesia";8357;83;"Nov 25 07:53:10"
118.96.111.227;8080;Transparent;false;"Indonesia";1630;90;"Nov 25 07:53:01"
118.82.28.147;8080;Transparent;false;"Indonesia";2788;88;"Nov 25 07:53:00"
62.64.4.57;8080;Transparent;false;"Russian Federation";4788;98;"Nov 25 07:51:30"
62.5.227.150;8080;Transparent;false;"Russian Federation";11755;90;"Nov 25 07:51:25"
61.221.80.50;8080;Transparent;false;"Taiwan";1224;92;"Nov 25 07:47:44"
91.201.37.106;8080;Transparent;false;"Ukraine";632;94;"Nov 25 07:46:20"
91.144.77.20;8080;Transparent;false;"Hungary";522;90;"Nov 25 07:46:19"
89.251.103.130;8080;Transparent;false;"Russian Federation";1443;89;"Nov 25 07:45:32"
82.207.68.142;8080;Transparent;false;"Ukraine";678;90;"Nov 25 07:43:53"
95.111.8.211;8080;Transparent;false;"Bulgaria";816;95;"Nov 25 07:43:51"
80.78.65.186;8080;Transparent;false;"Albania";9754;87;"Nov 25 07:43:03"
83.146.90.122;8080;Transparent;false;"Russian Federation";1202;90;"Nov 25 07:41:49"
74.94.44.210;8080;Distorting;false;"United States";387;97;"Nov 25 07:41:29"
78.38.12.9;8080;Transparent;false;"Iran";1661;90;"Nov 25 07:41:24"
78.108.108.146;8080;Transparent;false;"Czech Republic";833;91;"Nov 25 07:41:19"
74.221.211.117;8080;Transparent;false;"United States";308;98;"Nov 25 07:40:37"
69.29.105.153;8080;Transparent;false;"United States";14461;56;"Nov 25 07:40:36"
74.112.203.107;8080;Transparent;false;"United States";337;98;"Nov 25 07:40:28"
46.231.215.37;8080;Transparent;false;"Russian Federation";1267;90;"Nov 25 07:37:56"
46.197.204.175;8080;Transparent;false;"Turkey";2951;90;"Nov 25 07:37:55"
46.181.213.133;8080;Transparent;false;"Russian Federation";6893;11;"Nov 25 07:37:52"
220.113.5.198;8080;Transparent;false;"China";5232;90;"Nov 25 07:36:55"
219.76.64.25;8080;Transparent;false;"Hong Kong";45444;84;"Nov 25 07:36:42"
221.195.42.195;8080;Transparent;false;"China";4352;91;"Nov 25 07:34:04"
219.234.82.88;8080;Distorting;false;"China";6074;90;"Nov 25 07:33:36"
41.59.17.37;8080;Transparent;false;"Tanzania";14059;70;"Nov 25 07:31:51"
219.234.82.60;8080;Distorting;false;"China";1355;92;"Nov 25 07:30:48"
219.234.82.80;8080;Distorting;false;"China";7346;92;"Nov 25 07:30:41"
212.34.241.246;8080;Transparent;false;"Armenia";789;92;"Nov 25 07:27:03"
218.94.149.114;8080;Transparent;false;"China";1067;91;"Nov 25 07:26:35"
217.146.208.162;8080;Transparent;false;"Iran";3769;92;"Nov 25 07:26:27"
202.69.107.212;8080;Transparent;false;"Indonesia";11607;93;"Nov 25 07:26:24"
212.175.88.3;8080;Transparent;false;"Turkey";732;89;"Nov 25 07:26:00"
203.189.138.146;8080;Transparent;false;"Cambodia";4724;95;"Nov 25 07:25:37"
216.244.71.143;8080;Transparent;false;"United States";407;93;"Nov 25 07:25:09"
202.43.168.26;8080;Transparent;false;"Indonesia";10276;87;"Nov 25 07:25:01"
202.28.143.25;8080;Transparent;false;"Thailand";1223;99;"Nov 25 07:24:28"
200.8.28.69;8080;Transparent;false;"Venezuela";4017;84;"Nov 25 07:23:40"
188.254.250.115;8080;Transparent;false;"Bulgaria";3587;87;"Nov 25 07:23:35"
190.95.232.178;8080;Transparent;false;"Ecuador";802;90;"Nov 25 07:23:19"
188.136.223.129;8080;Transparent;false;"Iran";951;90;"Nov 25 07:22:45"
187.87.234.40;8080;Transparent;false;"Brazil";6896;85;"Nov 25 07:22:44"
190.90.128.89;8080;Transparent;false;"Colombia";1364;90;"Nov 25 07:22:31"
119.152.13.253;8080;Transparent;false;"Pakistan";8857;91;"Nov 25 07:22:16"
187.44.4.195;8080;Transparent;false;"Brazil";1900;93;"Nov 25 07:22:15"
202.138.243.222;8080;Transparent;false;"Indonesia";2995;94;"Nov 25 07:21:55"
200.195.136.150;8080;Transparent;false;"Brazil";3902;65;"Nov 25 07:21:38"
190.29.22.247;8080;Transparent;false;"Colombia";13956;89;"Nov 25 07:21:30"
187.0.208.213;8080;Transparent;false;"Brazil";934;84;"Nov 25 07:21:13"
186.92.183.48;8080;Transparent;false;"Venezuela";6412;89;"Nov 25 07:21:12"
199.241.28.189;8080;Transparent;false;"United States";285;94;"Nov 25 07:21:10"
186.5.75.30;8080;Transparent;false;"Ecuador";565;89;"Nov 25 07:21:05"
118.97.63.227;8080;Transparent;false;"Indonesia";935;92;"Nov 25 07:20:29"
190.199.98.45;8080;Transparent;false;"Venezuela";4764;84;"Nov 25 07:19:40"
190.181.58.101;8080;Distorting;false;"Bolivia";36008;72;"Nov 25 07:19:34"
198.144.186.98;8080;Transparent;false;"United States";278;90;"Nov 25 07:19:34"
190.146.118.41;8080;Transparent;false;"Colombia";2418;95;"Nov 25 07:18:58"
189.90.244.6;8080;Transparent;false;"Brazil";1005;89;"Nov 25 07:18:55"
190.144.114.43;8080;Transparent;false;"Colombia";722;90;"Nov 25 07:18:55"
189.90.127.44;8080;Transparent;false;"Brazil";782;91;"Nov 25 07:18:54"
180.249.58.192;8080;Transparent;false;"Indonesia";4379;73;"Nov 25 07:18:51"
180.246.126.158;8080;Transparent;false;"Indonesia";2944;90;"Nov 25 07:18:44"
189.1.26.53;8080;Transparent;false;"Brazil";5513;97;"Nov 25 07:17:59"
117.41.182.188;8080;Transparent;false;"China";9196;78;"Nov 25 07:17:53"
178.18.17.250;8080;Transparent;false;"Netherlands";3460;91;"Nov 25 07:17:42"
177.99.238.111;8080;Transparent;false;"Brazil";800;82;"Nov 25 07:17:21"
110.77.132.60;8080;Transparent;false;"Thailand";1301;50;"Nov 25 07:14:59"
173.213.108.112;8080;Transparent;false;"United States";324;89;"Nov 25 07:14:49"
173.213.108.111;8080;Transparent;false;"United States";317;89;"Nov 25 07:14:48"
110.138.208.50;8080;Transparent;false;"Indonesia";20116;64;"Nov 25 07:13:47"
103.7.248.1;8080;Transparent;false;"Bangladesh";1667;83;"Nov 25 07:12:06"
103.4.165.244;8080;Transparent;false;"Indonesia";13658;96;"Nov 25 07:12:05"
103.10.99.254;8080;Transparent;false;"Indonesia";3408;83;"Nov 25 07:11:51"
89.22.236.172;8080;Anonymous;false;"Russian Federation";14524;85;"Nov 25 07:09:19"
95.170.223.126;8080;Transparent;false;"Iraq";2653;91;"Nov 25 07:07:17"
94.78.107.108;8080;Transparent;false;"Great Britain (UK)";896;85;"Nov 25 07:06:59"
94.153.243.234;8080;Transparent;false;"Ukraine";4474;91;"Nov 25 07:06:27"
61.184.36.51;8080;Transparent;false;"China";1797;98;"Nov 25 07:04:34"
86.123.88.17;8080;Distorting;false;"Romania";14188;66;"Nov 25 07:04:09"
78.93.197.86;8080;Transparent;false;"Saudi Arabia";18716;97;"Nov 25 07:04:09"
86.123.83.208;8080;Distorting;false;"Romania";23413;83;"Nov 25 07:03:55"
78.47.214.240;8080;Transparent;false;"Germany";445;50;"Nov 25 07:03:50"
77.38.171.87;8080;Transparent;false;"Latvia";3146;92;"Nov 25 07:03:42"
61.167.49.188;8080;Transparent;false;"China";2337;93;"Nov 25 07:03:37"
85.15.203.1;8080;Transparent;false;"Latvia";511;95;"Nov 25 07:03:29"
58.19.176.6;8080;Anonymous;false;"China";21900;73;"Nov 25 07:02:42"
84.47.12.167;8080;Transparent;false;"Slovak Republic";6560;95;"Nov 25 07:02:26"
77.223.208.230;8080;Transparent;false;"Poland";505;85;"Nov 25 07:02:17"
72.64.146.136;8080;Transparent;false;"United States";356;90;"Nov 25 07:00:37"
72.64.146.135;8080;Transparent;false;"United States";6067;89;"Nov 25 07:00:37"
50.18.216.151;8080;Transparent;false;"United States";524;93;"Nov 25 06:59:42"
219.95.119.218;8080;Transparent;false;"Malaysia";4023;65;"Nov 25 06:56:45"
41.32.43.243;8080;Transparent;false;"Egypt";10914;91;"Nov 25 06:55:55"
219.234.82.85;8080;Distorting;false;"China";11015;94;"Nov 25 06:54:58"
41.222.14.162;8080;Distorting;false;"Kenya";6178;47;"Nov 25 06:54:54"
219.234.82.77;8080;Distorting;false;"China";5641;95;"Nov 25 06:51:51"
219.159.105.180;8080;Transparent;false;"China";5107;95;"Nov 25 06:46:50"
217.79.189.229;8080;Transparent;false;"Germany";2868;94;"Nov 25 06:46:30"
201.218.63.4;8080;Transparent;false;"Ecuador";1087;98;"Nov 25 06:45:39"
210.101.131.231;8080;Transparent;false;"Korea (South)";1435;94;"Nov 25 06:45:22"
203.223.40.186;8080;Transparent;false;"Cambodia";1894;99;"Nov 25 06:45:01"
203.128.82.164;8080;Transparent;false;"Indonesia";6727;95;"Nov 25 06:44:55"
217.219.175.81;8080;Distorting;false;"Iran";31756;44;"Nov 25 06:44:42"
201.59.167.202;8080;Transparent;false;"Brazil";1289;96;"Nov 25 06:43:56"
217.219.175.74;8080;Distorting;false;"Iran";27254;46;"Nov 25 06:43:25"
200.196.51.130;8080;Transparent;false;"Brazil";5252;90;"Nov 25 06:43:18"
202.4.114.18;8080;Transparent;false;"Bangladesh";1425;80;"Nov 25 06:43:09"
200.161.103.213;8080;Transparent;false;"Brazil";6708;90;"Nov 25 06:42:39"
200.111.115.172;8080;Transparent;false;"Chile";770;97;"Nov 25 06:42:30"
200.105.237.94;8080;Transparent;false;"Ecuador";5115;82;"Nov 25 06:42:29"
198.27.100.200;8080;Transparent;false;"Canada";358;94;"Nov 25 06:42:08"
198.144.176.54;8080;Transparent;false;"United States";228;98;"Nov 25 06:41:51"
198.100.159.69;8080;Transparent;false;"Canada";217;97;"Nov 25 06:41:48"
201.234.100.189;8080;Transparent;false;"Argentina";3861;95;"Nov 25 06:41:41"
197.220.100.218;8080;Distorting;false;"Kenya";1643;83;"Nov 25 06:41:32"
192.211.49.210;8080;Transparent;false;"United States";238;96;"Nov 25 06:40:40"
190.220.130.14;8080;Distorting;false;"Argentina";10821;85;"Nov 25 06:40:28"
195.200.199.98;8080;Transparent;false;"Poland";2792;72;"Nov 25 06:38:58"
190.203.11.41;8080;Transparent;false;"Venezuela";7991;86;"Nov 25 06:38:44"
190.2.46.241;8080;Transparent;false;"Argentina";928;92;"Nov 25 06:38:35"
193.93.229.150;8080;Transparent;false;"Ukraine";490;98;"Nov 25 06:38:32"
190.142.210.242;8080;Transparent;false;"Venezuela";5287;93;"Nov 25 06:38:31"
180.211.192.189;8080;Transparent;false;"Bangladesh";646;66;"Nov 25 06:38:09"
180.183.139.208;8080;Distorting;false;"Thailand";1083;90;"Nov 25 06:37:51"
177.70.68.130;8080;Transparent;false;"Brazil";914;97;"Nov 25 06:37:45"
177.65.175.245;8080;Transparent;false;"Brazil";959;92;"Nov 25 06:37:39"
177.34.126.90;8080;Transparent;false;"Brazil";8284;89;"Nov 25 06:37:15"
177.137.239.213;8080;Transparent;false;"Brazil";3292;97;"Nov 25 06:37:06"
189.15.195.172;8080;Transparent;false;"Brazil";2255;92;"Nov 25 06:35:54"
125.162.70.105;8080;Transparent;false;"Indonesia";7416;66;"Nov 25 06:35:42"
189.111.209.224;8080;Transparent;false;"Brazil";10107;78;"Nov 25 06:35:23"
182.160.102.114;8080;Transparent;false;"Bangladesh";1712;83;"Nov 25 06:35:06"
187.60.222.158;8080;Transparent;false;"Brazil";959;91;"Nov 25 06:34:51"
180.250.208.10;8080;Transparent;false;"Indonesia";4339;87;"Nov 25 06:34:39"
168.167.127.120;8080;Transparent;false;"Botswana";9619;78;"Nov 25 06:33:32"
173.213.113.211;8080;Transparent;false;"United States";338;97;"Nov 25 06:33:31"
159.255.166.131;8080;Transparent;false;"Iraq";605;99;"Nov 25 06:32:37"
118.98.35.251;8080;Transparent;false;"Indonesia";3970;76;"Nov 25 06:31:37"
118.96.231.85;8080;Transparent;false;"Indonesia";2239;56;"Nov 25 06:30:35"
118.96.17.136;8080;Transparent;false;"Indonesia";12813;88;"Nov 25 06:29:55"
119.252.172.13;8080;Transparent;false;"Indonesia";709;95;"Nov 25 06:28:50"
119.252.165.27;8080;Transparent;false;"Indonesia";1180;93;"Nov 25 06:28:48"
119.235.21.10;8080;Transparent;false;"Indonesia";4140;93;"Nov 25 06:28:46"
118.212.129.48;8080;Transparent;false;"China";4478;82;"Nov 25 06:27:51"
116.226.85.238;8080;Transparent;false;"China";1606;90;"Nov 25 06:27:47"
118.174.0.155;8080;Transparent;false;"Thailand";35660;63;"Nov 25 06:27:46"
119.115.136.62;8080;Transparent;false;"China";2679;81;"Nov 25 06:25:39"
117.102.94.36;8080;Transparent;false;"Indonesia";8350;82;"Nov 25 06:25:37"
119.110.70.11;8080;Transparent;false;"Indonesia";2930;95;"Nov 25 06:25:36"
119.110.69.70;8080;Transparent;false;"Indonesia";4883;90;"Nov 25 06:25:33"
113.21.230.106;8080;Transparent;false;"Bangladesh";3016;95;"Nov 25 06:25:14"
116.12.47.66;8080;Transparent;false;"Indonesia";1763;88;"Nov 25 06:25:11"
113.190.41.123;8080;Distorting;false;"Viet Nam";4843;97;"Nov 25 06:25:08"
118.99.67.87;8080;Transparent;false;"Indonesia";899;75;"Nov 25 06:25:08"
113.108.201.189;8080;Transparent;false;"China";1011;50;"Nov 25 06:23:53"
111.94.147.191;8080;Transparent;false;"Indonesia";4920;97;"Nov 25 06:23:00"
111.94.145.88;8080;Transparent;false;"Indonesia";3003;93;"Nov 25 06:22:55"
114.110.43.75;8080;Transparent;false;"Indonesia";4076;97;"Nov 25 06:21:49"
110.74.222.117;8080;Transparent;false;"Cambodia";1239;96;"Nov 25 06:21:14"
110.139.99.94;8080;Transparent;false;"Indonesia";16643;53;"Nov 25 06:21:13"
1.57.215.11;8080;Transparent;false;"China";1445;90;"Nov 25 06:19:05"
93.91.55.65;8080;Transparent;false;"Czech Republic";479;94;"Nov 25 06:17:22"
81.200.53.81;8080;Transparent;false;"Czech Republic";481;92;"Nov 25 06:16:39"
95.87.231.130;8080;Transparent;false;"Bulgaria";512;86;"Nov 25 06:16:09"
80.246.89.101;8080;Transparent;false;"Russian Federation";516;94;"Nov 25 06:15:23"
77.48.30.223;8080;Transparent;false;"Czech Republic";2563;83;"Nov 25 06:13:20"
77.122.65.195;8080;Transparent;false;"Ukraine";660;87;"Nov 25 06:13:03"
36.73.41.213;8080;Transparent;false;"Indonesia";2550;96;"Nov 25 06:12:12"
66.50.26.234;8080;Transparent;false;"Puerto Rico";1781;88;"Nov 25 06:11:57"
62.173.43.73;8080;Transparent;false;"Nigeria";1060;75;"Nov 25 06:11:54"
62.173.37.204;8080;Transparent;false;"Nigeria";3550;93;"Nov 25 06:11:53"
5.9.225.130;8080;Transparent;false;"Germany";3342;94;"Nov 25 06:10:49"
46.225.241.134;8080;Transparent;false;"Iran";1890;87;"Nov 25 06:10:20"
221.6.253.186;8080;Anonymous;false;"China";31407;76;"Nov 25 06:09:01"
219.234.82.79;8080;Distorting;false;"China";2975;91;"Nov 25 06:01:04"
217.27.145.94;8080;Transparent;false;"Ukraine";2196;98;"Nov 25 05:59:54"
218.26.228.56;8080;Transparent;false;"China";1474;92;"Nov 25 05:59:22"
213.96.248.147;8080;Transparent;false;"Spain";19290;44;"Nov 25 05:58:19"
202.47.65.162;8080;Transparent;false;"Indonesia";10461;92;"Nov 25 05:57:51"
203.81.196.97;8080;Transparent;false;"Pakistan";14807;77;"Nov 25 05:56:29"
202.150.131.62;8080;Transparent;false;"Indonesia";1698;92;"Nov 25 05:56:24"
202.149.78.234;8080;Transparent;false;"Indonesia";1479;97;"Nov 25 05:56:22"
202.148.30.6;8080;Transparent;false;"Indonesia";4008;84;"Nov 25 05:56:21"
202.137.136.2;8080;Transparent;false;"Laos";13407;93;"Nov 25 05:55:43"
209.203.35.82;8080;Transparent;false;"South Africa";4534;87;"Nov 25 05:55:42"
201.167.126.189;8080;Transparent;false;"Mexico";8348;96;"Nov 25 05:55:26"
202.102.48.205;8080;Anonymous;false;"China";7474;61;"Nov 25 05:55:20"
190.75.128.151;8080;Transparent;false;"Venezuela";9958;88;"Nov 25 05:54:16"
201.210.77.228;8080;Transparent;false;"Venezuela";7451;92;"Nov 25 05:53:57"
201.205.49.48;8080;Transparent;false;"Costa Rica";2464;90;"Nov 25 05:53:50"
200.71.86.50;8080;Transparent;false;"Bolivia";1764;87;"Nov 25 05:53:42"
190.223.53.70;8080;Transparent;false;"Peru";625;97;"Nov 25 05:53:06"
190.223.53.198;8080;Transparent;false;"Peru";5215;98;"Nov 25 05:53:05"
190.206.194.166;8080;Distorting;false;"Venezuela";8873;65;"Nov 25 05:51:57"
194.165.158.97;8080;Distorting;false;"Jordan";19939;39;"Nov 25 05:51:54"
193.205.128.209;8080;Distorting;false;"Italy";5103;52;"Nov 25 05:51:34"
200.208.251.217;8080;Transparent;false;"Brazil";2965;28;"Nov 25 05:51:27"
190.196.19.55;8080;Distorting;false;"Chile";40334;32;"Nov 25 05:51:02"
190.92.60.252;8080;Transparent;false;"Honduras";9182;88;"Nov 25 05:50:42"
186.95.54.244;8080;Transparent;false;"Venezuela";6006;95;"Nov 25 05:50:25"
190.248.67.146;8080;Transparent;false;"Colombia";4029;98;"Nov 25 05:50:06"
190.248.67.118;8080;Transparent;false;"Colombia";5261;91;"Nov 25 05:50:02"
187.84.240.85;8080;Transparent;false;"Brazil";1420;94;"Nov 25 05:49:24"
186.237.23.160;8080;Transparent;false;"Brazil";7063;93;"Nov 25 05:49:17"
186.210.131.9;8080;Transparent;false;"Brazil";5898;92;"Nov 25 05:49:07"
186.208.79.36;8080;Distorting;false;"Brazil";8620;46;"Nov 25 05:49:01"
186.153.120.42;8080;Transparent;false;"Argentina";15388;93;"Nov 25 05:48:50"
180.94.88.58;8080;Transparent;false;"Afghanistan";4564;73;"Nov 25 05:48:39"
183.90.168.155;8080;Transparent;false;"Thailand";10316;67;"Nov 25 05:48:35"
190.103.190.106;8080;Transparent;false;"Costa Rica";338;96;"Nov 25 05:48:35"
190.147.208.42;8080;Transparent;false;"Colombia";2716;97;"Nov 25 05:48:25"
190.146.132.205;8080;Transparent;false;"Colombia";967;94;"Nov 25 05:48:22"
190.144.4.230;8080;Distorting;false;"Colombia";15058;76;"Nov 25 05:48:20"
187.16.63.73;8080;Transparent;false;"Brazil";4258;63;"Nov 25 05:48:16"
180.211.192.186;8080;Transparent;false;"Bangladesh";2356;92;"Nov 25 05:48:10"
190.142.116.220;8080;Transparent;false;"Venezuela";10026;91;"Nov 25 05:48:04"
125.165.125.250;8080;Transparent;false;"Indonesia";13016;72;"Nov 25 05:45:42"
125.160.76.156;8080;Transparent;false;"Indonesia";3990;8;"Nov 25 05:45:13"
123.231.246.5;8080;Transparent;false;"Indonesia";2130;98;"Nov 25 05:45:01"
125.88.74.91;8080;Distorting;false;"China";15919;94;"Nov 25 05:43:52"
125.40.157.182;8080;Transparent;false;"China";27240;52;"Nov 25 05:43:16"
114.132.246.212;8080;Transparent;false;"China";1324;96;"Nov 25 05:41:48"
118.96.251.234;8080;Transparent;false;"Indonesia";5903;77;"Nov 25 05:41:43"
118.96.251.207;8080;Transparent;false;"Indonesia";1211;70;"Nov 25 05:41:37"
118.96.196.233;8080;Transparent;false;"Indonesia";3328;85;"Nov 25 05:41:36"
110.139.175.172;8080;Transparent;false;"Indonesia";11328;73;"Nov 25 05:37:43"
110.139.173.25;8080;Transparent;false;"Indonesia";8855;86;"Nov 25 05:37:32"
110.139.150.155;8080;Transparent;false;"Indonesia";2250;75;"Nov 25 05:36:34"
120.80.211.246;8080;Anonymous;false;"China";5928;70;"Nov 25 05:36:23"
110.77.137.220;8080;Transparent;false;"Thailand";1205;93;"Nov 25 05:36:18"
110.138.175.214;8080;Distorting;false;"Indonesia";1252;91;"Nov 25 05:36:12"
110.137.66.38;8080;Transparent;false;"Indonesia";17955;55;"Nov 25 05:36:04"
119.93.169.216;8080;Transparent;false;"Philippines";4800;98;"Nov 25 05:35:51"
110.137.5.19;8080;Transparent;false;"Indonesia";6164;85;"Nov 25 05:35:31"
110.137.48.183;8080;Transparent;false;"Indonesia";11762;76;"Nov 25 05:35:24"
94.153.63.169;8080;Transparent;false;"Ukraine";627;80;"Nov 25 05:34:00"
91.203.60.87;8080;Transparent;false;"Ukraine";3309;80;"Nov 25 05:31:38"
87.101.137.97;8080;Anonymous;false;"Saudi Arabia";581;83;"Nov 25 05:29:53"
78.31.78.12;8080;Transparent;false;"Russian Federation";611;97;"Nov 25 05:29:32"
88.85.108.16;8080;Transparent;false;"Macedonia";3740;80;"Nov 25 05:29:16"
61.247.48.243;8080;Transparent;false;"Indonesia";5298;94;"Nov 25 05:28:50"
78.134.255.42;8080;Transparent;false;"Croatia (Hrvatska)";8114;82;"Nov 25 05:28:26"
78.108.160.170;8080;Transparent;false;"Lebanon";546;80;"Nov 25 05:28:17"
78.108.106.230;8080;Transparent;false;"Czech Republic";248;80;"Nov 25 05:28:17"
78.108.106.162;8080;Transparent;false;"Czech Republic";528;80;"Nov 25 05:28:16"
77.89.233.54;8080;Transparent;false;"Moldova";3952;91;"Nov 25 05:28:16"
85.15.234.1;8080;Transparent;false;"Latvia";3825;66;"Nov 25 05:27:51"
85.15.210.9;8080;Transparent;false;"Latvia";499;96;"Nov 25 05:27:47"
85.107.58.181;8080;Transparent;false;"Turkey";6095;80;"Nov 25 05:27:41"
83.147.127.44;8080;Transparent;false;"Italy";1267;90;"Nov 25 05:26:37"
59.172.208.189;8080;Transparent;false;"China";7322;70;"Nov 25 05:26:29"
59.108.95.13;8080;Anonymous;false;"China";5236;80;"Nov 25 05:26:19"
80.91.125.80;8080;Transparent;false;"Albania";600;97;"Nov 25 05:25:41"
80.90.27.60;8080;Transparent;false;"Latvia";1165;83;"Nov 25 05:25:41"
58.8.85.171;8080;Distorting;false;"Thailand";12062;80;"Nov 25 05:25:20"
58.26.61.52;8080;Transparent;false;"Malaysia";7448;80;"Nov 25 05:25:08"
27.124.35.166;8080;Transparent;false;"India";1240;80;"Nov 25 05:25:01"
66.35.68.146;8080;Transparent;false;"United States";820;95;"Nov 25 05:24:36"
58.19.237.4;8080;Anonymous;false;"China";9465;60;"Nov 25 05:24:13"
50.115.164.34;8080;Transparent;false;"United States";332;93;"Nov 25 05:24:02"
223.27.245.11;8080;Distorting;false;"Thailand";659;88;"Nov 25 05:23:10"
222.88.122.117;8080;Transparent;false;"China";4589;60;"Nov 25 05:22:50"
222.124.22.168;8080;Transparent;false;"Indonesia";1113;96;"Nov 25 05:21:39"
222.124.120.123;8080;Transparent;false;"Indonesia";4759;80;"Nov 25 05:21:37"
221.7.215.248;8080;Transparent;false;"China";5288;97;"Nov 25 05:21:33"
221.7.162.215;8080;Anonymous;false;"China";21524;75;"Nov 25 05:21:27"
221.6.154.73;8080;Anonymous;false;"China";31524;61;"Nov 25 05:21:06"
41.42.247.2;8080;Transparent;false;"Egypt";1884;80;"Nov 25 05:19:21"
220.248.237.234;8080;Transparent;false;"China";2599;78;"Nov 25 05:19:05"
41.236.171.104;8080;Transparent;false;"Egypt";14837;80;"Nov 25 05:18:47"
41.234.6.125;8080;Transparent;false;"Egypt";7297;60;"Nov 25 05:18:33"
41.234.29.178;8080;Transparent;false;"Egypt";751;80;"Nov 25 05:18:25"
41.215.54.26;8080;Transparent;false;"Kenya";2024;80;"Nov 25 05:17:41"
219.234.82.90;8080;Transparent;false;"China";2299;87;"Nov 25 05:16:12"
212.48.35.55;8080;Transparent;false;"Russian Federation";487;87;"Nov 25 05:11:33"
210.212.213.85;8080;Transparent;false;"India";3859;80;"Nov 25 05:10:21"
213.244.65.158;8080;Transparent;false;"Palestine";786;83;"Nov 25 05:10:01"
219.154.46.138;8080;Transparent;false;"China";2068;93;"Nov 25 05:09:36"
213.131.41.6;8080;Transparent;false;"Georgia";898;83;"Nov 25 05:09:11"
203.148.183.158;8080;Transparent;false;"Thailand";1950;87;"Nov 25 05:09:01"
203.190.163.219;8080;Anonymous;false;"Viet Nam";24069;71;"Nov 25 05:08:46"
202.77.124.86;8080;Distorting;false;"Indonesia";5424;77;"Nov 25 05:08:28"
203.190.163.214;8080;Anonymous;false;"Viet Nam";32699;71;"Nov 25 05:08:22"
201.219.117.118;8080;Transparent;false;"Colombia";26663;27;"Nov 25 05:08:07"
203.77.242.34;8080;Transparent;false;"Indonesia";1983;91;"Nov 25 05:08:05"
203.217.171.76;8080;Transparent;false;"Cambodia";1434;92;"Nov 25 05:07:45"
201.210.34.94;8080;Transparent;false;"Venezuela";12060;80;"Nov 25 05:07:39"
202.70.136.142;8080;Transparent;false;"Indonesia";3758;49;"Nov 25 05:07:37"
202.70.136.135;8080;Transparent;false;"Indonesia";1069;69;"Nov 25 05:07:33"
201.150.2.169;8080;Transparent;false;"Mexico";613;96;"Nov 25 05:07:19"
200.121.226.243;8080;Transparent;false;"Peru";3498;80;"Nov 25 05:07:18"
202.51.107.37;8080;Transparent;false;"Indonesia";10996;71;"Nov 25 05:07:14"
200.114.103.213;8080;Transparent;false;"Argentina";4038;55;"Nov 25 05:06:58"
202.143.185.107;8080;Transparent;false;"Thailand";3281;77;"Nov 25 05:06:38"
202.129.59.70;8080;Transparent;false;"Thailand";2592;80;"Nov 25 05:06:33"
200.84.95.88;8080;Distorting;false;"Venezuela";32428;80;"Nov 25 05:06:31"
203.162.249.38;8080;Anonymous;false;"Viet Nam";17114;78;"Nov 25 05:06:29"
190.79.60.44;8080;Transparent;false;"Venezuela";4190;80;"Nov 25 05:06:14"
203.162.236.94;8080;Anonymous;false;"Viet Nam";26190;62;"Nov 25 05:06:12"
201.8.26.140;8080;Transparent;false;"Brazil";3900;80;"Nov 25 05:06:08"
201.248.8.206;8080;Distorting;false;"Venezuela";17910;72;"Nov 25 05:05:46"
203.157.94.17;8080;Transparent;false;"Thailand";16149;60;"Nov 25 05:05:36"
200.55.187.162;8080;Transparent;false;"Cuba";4136;80;"Nov 25 05:05:32"
201.248.45.110;8080;Transparent;false;"Venezuela";1396;80;"Nov 25 05:05:28"
200.5.113.202;8080;Transparent;false;"Argentina";8440;82;"Nov 25 05:05:28"
201.248.147.156;8080;Distorting;false;"Venezuela";27312;20;"Nov 25 05:05:27"
198.27.126.139;8080;Anonymous;false;"Canada";4106;53;"Nov 25 05:05:09"
200.252.185.149;8080;Transparent;false;"Brazil";1169;93;"Nov 25 05:05:09"
201.242.59.81;8080;Distorting;false;"Venezuela";7864;80;"Nov 25 05:05:00"
190.172.68.178;8080;Transparent;false;"Argentina";2004;80;"Nov 25 05:04:55"
201.242.44.29;8080;Transparent;false;"Venezuela";13542;80;"Nov 25 05:04:52"
190.153.122.230;8080;Distorting;false;"Venezuela";36096;32;"Nov 25 05:04:52"
201.242.224.5;8080;Transparent;false;"Venezuela";1877;60;"Nov 25 05:04:38"
200.208.251.219;8080;Transparent;false;"Brazil";11033;54;"Nov 25 05:04:18"
190.108.43.180;8080;Transparent;false;"Argentina";5212;52;"Nov 25 05:03:57"
190.0.19.82;8080;Distorting;false;"Colombia";4416;80;"Nov 25 05:03:04"
187.78.66.231;8080;Transparent;false;"Brazil";2138;80;"Nov 25 05:02:42"
190.238.1.178;8080;Transparent;false;"Peru";2368;80;"Nov 25 05:02:34"
190.237.238.196;8080;Transparent;false;"Peru";5375;80;"Nov 25 05:02:32"
190.237.224.251;8080;Transparent;false;"Peru";2158;80;"Nov 25 05:02:26"
187.78.11.184;8080;Transparent;false;"Brazil";2806;80;"Nov 25 05:02:24"
190.235.33.78;8080;Transparent;false;"Peru";2771;80;"Nov 25 05:02:12"
197.251.194.46;8080;Transparent;false;"Ghana";536;92;"Nov 25 05:01:22"
197.251.147.179;8080;Transparent;false;"Ghana";2284;80;"Nov 25 05:01:22"
187.6.86.4;8080;Transparent;false;"Brazil";1001;99;"Nov 25 05:01:05"
189.82.81.5;8080;Transparent;false;"Brazil";2606;80;"Nov 25 05:01:05"
189.127.155.13;8080;Transparent;false;"Brazil";1240;80;"Nov 25 05:01:04"
189.80.168.162;8080;Transparent;false;"Brazil";6814;91;"Nov 25 05:01:00"
187.53.208.3;8080;Transparent;false;"Brazil";2722;65;"Nov 25 05:00:56"
189.105.68.185;8080;Transparent;false;"Brazil";4597;80;"Nov 25 05:00:44"
189.105.41.160;8080;Transparent;false;"Brazil";3508;80;"Nov 25 05:00:39"
190.206.219.102;8080;Transparent;false;"Venezuela";820;80;"Nov 25 05:00:37"
187.52.100.194;8080;Transparent;false;"Brazil";15089;94;"Nov 25 05:00:37"
190.205.195.105;8080;Distorting;false;"Venezuela";18558;36;"Nov 25 05:00:36"
189.105.16.215;8080;Transparent;false;"Brazil";942;80;"Nov 25 05:00:35"
189.104.27.153;8080;Transparent;false;"Brazil";2834;80;"Nov 25 05:00:34"
196.205.182.220;8080;Transparent;false;"Egypt";1996;80;"Nov 25 04:59:59"
189.41.82.236;8080;Transparent;false;"Brazil";1308;80;"Nov 25 04:59:49"
189.41.109.165;8080;Transparent;false;"Brazil";3304;80;"Nov 25 04:59:30"
189.29.118.245;8080;Transparent;false;"Brazil";6877;80;"Nov 25 04:59:07"
190.189.88.163;8080;Transparent;false;"Argentina";4334;80;"Nov 25 04:58:36"
187.107.196.28;8080;Transparent;false;"Brazil";1661;80;"Nov 25 04:58:31"
189.24.135.75;8080;Transparent;false;"Brazil";5468;80;"Nov 25 04:58:15"
189.22.138.168;8080;Transparent;false;"Brazil";5075;80;"Nov 25 04:58:10"
186.95.47.115;8080;Transparent;false;"Venezuela";4176;80;"Nov 25 04:58:09"
186.92.199.82;8080;Distorting;false;"Venezuela";28876;60;"Nov 25 04:58:05"
187.13.68.202;8080;Transparent;false;"Brazil";1632;80;"Nov 25 04:57:46"
189.15.59.110;8080;Transparent;false;"Brazil";1335;80;"Nov 25 04:57:45"
187.121.47.19;8080;Transparent;false;"Brazil";874;80;"Nov 25 04:57:45"
187.111.223.10;8080;Transparent;false;"Brazil";854;96;"Nov 25 04:57:43"
186.5.75.26;8080;Transparent;false;"Ecuador";6346;80;"Nov 25 04:57:36"
186.5.117.146;8080;Transparent;false;"Ecuador";1268;98;"Nov 25 04:57:27"
186.226.98.252;8080;Transparent;false;"Brazil";1631;60;"Nov 25 04:57:25"
186.218.242.123;8080;Transparent;false;"Brazil";8067;80;"Nov 25 04:57:22"
183.89.68.76;8080;Distorting;false;"Thailand";1588;80;"Nov 25 04:57:07"
183.63.204.131;8080;Transparent;false;"China";1491;86;"Nov 25 04:57:04"
180.243.227.229;8080;Transparent;false;"Indonesia";13957;93;"Nov 25 04:56:57"
180.243.184.72;8080;Transparent;false;"Indonesia";25155;80;"Nov 25 04:56:43"
180.242.41.51;8080;Transparent;false;"Indonesia";4299;93;"Nov 25 04:55:58"
180.241.27.92;8080;Transparent;false;"Indonesia";12517;60;"Nov 25 04:55:54"
177.70.68.155;8080;Transparent;false;"Brazil";1640;95;"Nov 25 04:55:52"
110.53.48.54;8080;Anonymous;false;"China";11921;68;"Nov 25 04:54:17"
149.62.176.182;8080;Transparent;false;"Spain";913;88;"Nov 25 04:52:54"
141.255.161.112;8080;Transparent;false;"Switzerland";353;83;"Nov 25 04:52:53"
125.209.94.102;8080;Transparent;false;"Pakistan";1469;80;"Nov 25 04:52:42"
125.163.237.77;8080;Transparent;false;"Indonesia";8666;40;"Nov 25 04:52:39"
124.207.170.230;8080;Distorting;false;"China";5965;95;"Nov 25 04:52:28"
124.158.154.197;8080;Transparent;false;"Indonesia";2079;84;"Nov 25 04:52:21"
123.235.12.118;8080;Transparent;false;"China";6579;97;"Nov 25 04:52:19"
123.231.250.6;8080;Transparent;false;"Indonesia";13190;55;"Nov 25 04:52:12"
118.97.100.75;8080;Transparent;false;"Indonesia";960;90;"Nov 25 04:50:34"
116.66.194.33;8080;Transparent;false;"Nepal";2795;45;"Nov 25 04:50:01"
103.7.248.22;8080;Transparent;false;"Bangladesh";7294;90;"Nov 25 04:47:29"
120.132.132.120;8080;Transparent;false;"China";1686;93;"Nov 25 04:47:14"
120.132.132.119;8080;Transparent;false;"China";3013;92;"Nov 25 04:47:11"
93.178.218.203;8080;Transparent;false;"Ukraine";15898;87;"Nov 25 04:46:53"
96.47.230.49;8080;Transparent;false;"United States";263;98;"Nov 25 04:45:27"
85.9.74.111;8080;Transparent;false;"Iran";5236;97;"Nov 25 04:44:48"
85.234.36.137;8080;Distorting;false;"Russian Federation";10655;75;"Nov 25 04:44:42"
84.41.108.74;8080;Transparent;false;"Slovenia";452;81;"Nov 25 04:44:12"
94.153.243.178;8080;Transparent;false;"Ukraine";702;90;"Nov 25 04:44:02"
91.102.162.249;8080;Anonymous;false;"Turkey";2938;68;"Nov 25 04:43:51"
81.199.181.52;8080;Transparent;false;"Great Britain (UK)";8156;63;"Nov 25 04:43:18"
78.134.254.131;8080;Transparent;false;"Croatia (Hrvatska)";3195;95;"Nov 25 04:42:55"
77.226.33.60;8080;Anonymous;false;"Spain";9070;12;"Nov 25 04:42:36"
81.201.61.138;8080;Transparent;false;"Czech Republic";2252;93;"Nov 25 04:42:00"
61.172.203.212;8080;Anonymous;false;"China";12426;33;"Nov 25 04:41:22"
58.243.150.4;8080;Anonymous;false;"China";12975;68;"Nov 25 04:41:18"
222.89.55.123;8080;Transparent;false;"China";1438;93;"Nov 25 04:41:14"
58.137.154.102;8080;Distorting;false;"Thailand";2413;92;"Nov 25 04:40:30"
67.216.65.253;8080;Distorting;false;"United States";351;98;"Nov 25 04:40:20"
222.39.34.5;8080;Anonymous;false;"China";1449;85;"Nov 25 04:40:16"
41.75.201.146;8080;Transparent;false;"Nigeria";3277;89;"Nov 25 04:38:19"
41.74.44.35;8080;Transparent;false;"Chad";7314;89;"Nov 25 04:38:15"
5.9.238.26;8080;Transparent;false;"Germany";566;82;"Nov 25 04:38:01"
5.8.242.12;8080;Transparent;false;"Iraq";1102;94;"Nov 25 04:38:00"
46.16.226.83;8080;Transparent;false;"Russian Federation";10704;89;"Nov 25 04:37:25"
219.242.50.50;8080;Transparent;false;"China";1548;95;"Nov 25 04:35:59"
219.234.82.86;8080;Distorting;false;"China";8101;95;"Nov 25 04:35:45"
219.234.82.82;8080;Distorting;false;"China";1512;94;"Nov 25 04:31:15"
212.84.56.243;8080;Transparent;false;"France";27875;50;"Nov 25 04:30:37"
212.75.136.248;8080;Transparent;false;"Russian Federation";3700;75;"Nov 25 04:30:08"
217.168.73.176;8080;Transparent;false;"Russian Federation";597;91;"Nov 25 04:29:01"
201.251.5.248;8080;Transparent;false;"Argentina";14085;75;"Nov 25 04:27:39"
211.142.236.137;8080;Transparent;false;"China";1085;99;"Nov 25 04:27:10"
211.142.236.133;8080;Transparent;false;"China";682;99;"Nov 25 04:27:07"
203.77.249.26;8080;Transparent;false;"Indonesia";1323;86;"Nov 25 04:26:44"
200.87.213.94;8080;Transparent;false;"Bolivia";1382;87;"Nov 25 04:26:00"
200.44.220.36;8080;Transparent;false;"Venezuela";14773;91;"Nov 25 04:25:42"
210.57.214.98;8080;Transparent;false;"Indonesia";10232;89;"Nov 25 04:25:36"
202.198.96.211;8080;Distorting;false;"China";1341;84;"Nov 25 04:24:59"
202.164.211.74;8080;Transparent;false;"Bangladesh";6854;84;"Nov 25 04:24:53"
202.155.202.198;8080;Transparent;false;"Hong Kong";1669;84;"Nov 25 04:24:46"
201.62.63.65;8080;Distorting;false;"Brazil";1271;25;"Nov 25 04:24:18"
198.100.155.68;8080;Transparent;false;"Canada";374;96;"Nov 25 04:23:25"
186.94.88.95;8080;Transparent;false;"Venezuela";1906;95;"Nov 25 04:23:08"
199.119.76.111;8080;Transparent;false;"United States";340;97;"Nov 25 04:23:05"
186.89.105.37;8080;Transparent;false;"Venezuela";1681;90;"Nov 25 04:22:57"
198.154.114.100;8080;Transparent;false;"United States";239;98;"Nov 25 04:22:41"
190.199.113.111;8080;Distorting;false;"Venezuela";15262;58;"Nov 25 04:22:33"
186.221.70.14;8080;Transparent;false;"Brazil";11989;98;"Nov 25 04:21:14"
190.101.117.160;8080;Transparent;false;"Chile";12312;89;"Nov 25 04:21:00"
186.153.166.188;8080;Transparent;false;"Argentina";1322;87;"Nov 25 04:20:42"
182.16.156.137;8080;Transparent;false;"Bangladesh";21187;97;"Nov 25 04:19:52"
190.246.141.111;8080;Transparent;false;"Argentina";18376;64;"Nov 25 04:19:40"
189.11.198.36;8080;Transparent;false;"Brazil";1177;92;"Nov 25 04:19:26"
180.247.103.63;8080;Transparent;false;"Indonesia";3260;58;"Nov 25 04:18:55"
177.65.196.115;8080;Transparent;false;"Brazil";6218;97;"Nov 25 04:18:47"
180.211.183.250;8080;Transparent;false;"Bangladesh";14963;66;"Nov 25 04:18:43"
178.248.43.156;8080;Transparent;false;"Iran";3182;97;"Nov 25 04:18:42"
177.47.34.16;8080;Transparent;false;"Brazil";7779;95;"Nov 25 04:18:41"
178.18.17.208;8080;Transparent;false;"Netherlands";566;83;"Nov 25 04:18:33"
180.151.50.104;8080;Transparent;false;"India";1099;66;"Nov 25 04:18:21"
177.100.19.151;8080;Transparent;false;"Brazil";10758;96;"Nov 25 04:17:50"
176.8.21.244;8080;Transparent;false;"Ukraine";630;97;"Nov 25 04:17:37"
180.137.45.86;8080;Transparent;false;"China";1219;96;"Nov 25 04:17:35"
178.33.181.120;8080;Transparent;false;"France";253;95;"Nov 25 04:16:55"
173.213.108.114;8080;Transparent;false;"United States";317;88;"Nov 25 04:16:50"
173.213.108.113;8080;Transparent;false;"United States";405;87;"Nov 25 04:16:49"
123.124.158.227;8080;Transparent;false;"China";1698;35;"Nov 25 04:15:39"
123.108.14.39;8080;Transparent;false;"Indonesia";9192;82;"Nov 25 04:15:37"
112.217.228.212;8080;Transparent;false;"Korea (South)";1075;98;"Nov 25 04:14:06"
110.93.211.11;8080;Transparent;false;"Pakistan";1295;57;"Nov 25 04:12:23"
118.244.172.19;8080;Transparent;false;"China";1776;74;"Nov 25 04:11:10"
122.225.22.22;8080;Transparent;false;"China";4764;96;"Nov 25 04:09:17"
110.138.240.218;8080;Transparent;false;"Indonesia";3547;74;"Nov 25 04:09:07"
110.136.166.10;8080;Transparent;false;"Indonesia";4816;50;"Nov 25 04:09:03"
109.104.248.84;8080;Transparent;false;"Italy";4785;50;"Nov 25 04:08:59"
118.174.131.94;8080;Transparent;false;"Thailand";13103;90;"Nov 25 04:08:51"
118.137.216.252;8080;Transparent;false;"Indonesia";6273;80;"Nov 25 04:08:26"
122.166.119.201;8080;Transparent;false;"India";21207;91;"Nov 25 04:07:10"
117.20.56.18;8080;Transparent;false;"Indonesia";3795;80;"Nov 25 04:06:26"
103.28.227.78;8080;Transparent;false;"Indonesia";8728;83;"Nov 25 04:06:26"
1.63.18.22;8080;Transparent;false;"China";2130;97;"Nov 25 04:05:11"
118.97.206.148;8080;Transparent;false;"Indonesia";1110;85;"Nov 25 04:05:09"
95.9.251.53;8080;Transparent;false;"Turkey";6741;84;"Nov 25 04:01:27"
61.177.252.38;8080;Anonymous;false;"China";1912;62;"Nov 25 04:01:19"
89.73.177.208;8080;Transparent;false;"Poland";2655;60;"Nov 25 03:59:27"
89.235.31.99;8080;Transparent;false;"Czech Republic";397;93;"Nov 25 03:59:09"
83.147.127.42;8080;Transparent;false;"Italy";1010;81;"Nov 25 03:57:45"
82.213.48.225;8080;Transparent;false;"Palestine";1729;95;"Nov 25 03:57:28"
41.73.2.35;8080;Transparent;false;"Nigeria";851;87;"Nov 25 03:54:41"
41.32.5.159;8080;Transparent;false;"Egypt";6402;97;"Nov 25 03:54:24"
46.188.16.163;8080;Distorting;false;"Russian Federation";595;97;"Nov 25 03:54:05"
61.235.97.206;8080;Anonymous;false;"China";8836;91;"Nov 25 03:53:13"
61.221.80.49;8080;Transparent;false;"Taiwan";1083;93;"Nov 25 03:53:01"
222.124.147.105;8080;Transparent;false;"Indonesia";973;85;"Nov 25 03:51:39"
37.57.17.251;8080;Transparent;false;"Ukraine";5233;93;"Nov 25 03:51:07"
221.210.40.150;8080;Transparent;false;"China";1946;92;"Nov 25 03:49:01"
220.248.215.98;8080;Anonymous;false;"China";1294;94;"Nov 25 03:47:45"
219.76.104.2;8080;Transparent;false;"Hong Kong";1128;83;"Nov 25 03:46:27"
222.74.98.234;8080;Transparent;false;"China";7502;98;"Nov 25 03:46:12"
219.234.82.78;8080;Distorting;false;"China";4188;91;"Nov 25 03:42:41"
218.249.83.87;8080;Distorting;false;"China";2050;89;"Nov 25 03:40:42"
218.22.71.122;8080;Transparent;false;"China";4293;64;"Nov 25 03:40:38"
218.10.102.69;8080;Anonymous;false;"China";31074;79;"Nov 25 03:40:20"
219.234.82.76;8080;Distorting;false;"China";2359;97;"Nov 25 03:40:09"
219.234.82.62;8080;Distorting;false;"China";1333;90;"Nov 25 03:39:19"
203.77.232.99;8080;Transparent;false;"Indonesia";1129;62;"Nov 25 03:38:58"
212.233.147.48;8080;Transparent;false;"Bulgaria";771;78;"Nov 25 03:38:27"
212.156.150.130;8080;Transparent;false;"Turkey";431;97;"Nov 25 03:38:26"
200.66.54.207;8080;Transparent;false;"Mexico";799;72;"Nov 25 03:37:21"
200.60.11.24;8080;Transparent;false;"Peru";1356;69;"Nov 25 03:37:20"
200.52.160.113;8080;Transparent;false;"Mexico";5822;63;"Nov 25 03:37:18"
203.152.216.75;8080;Distorting;false;"Japan";42938;74;"Nov 25 03:37:07"
200.45.236.51;8080;Transparent;false;"Argentina";4192;30;"Nov 25 03:36:27"
200.42.62.140;8080;Transparent;false;"Argentina";4298;59;"Nov 25 03:36:23"
202.79.29.38;8080;Transparent;false;"Cambodia";4495;77;"Nov 25 03:36:12"
202.77.108.58;8080;Transparent;false;"Indonesia";2755;89;"Nov 25 03:36:07"
198.27.123.4;8080;Anonymous;false;"Canada";6753;57;"Nov 25 03:35:51"
198.102.29.195;8080;Transparent;false;"United States";231;36;"Nov 25 03:35:40"
190.78.131.166;8080;Distorting;false;"Venezuela";15857;73;"Nov 25 03:34:19"
202.138.232.1;8080;Transparent;false;"Indonesia";1661;93;"Nov 25 03:34:18"
180.247.199.112;8080;Transparent;false;"Indonesia";1161;57;"Nov 25 03:32:33"
189.113.64.122;8080;Transparent;false;"Brazil";1117;94;"Nov 25 03:32:14"
190.42.147.120;8080;Transparent;false;"Peru";5049;63;"Nov 25 03:32:09"
180.241.232.136;8080;Transparent;false;"Indonesia";2712;50;"Nov 25 03:31:56"
190.40.80.144;8080;Transparent;false;"Peru";2075;90;"Nov 25 03:31:34"
190.38.162.216;8080;Transparent;false;"Venezuela";9805;76;"Nov 25 03:31:32"
190.37.141.210;8080;Transparent;false;"Venezuela";14627;82;"Nov 25 03:31:22"
190.248.129.62;8080;Transparent;false;"Colombia";9842;90;"Nov 25 03:30:52"
177.36.216.76;8080;Transparent;false;"Brazil";1046;98;"Nov 25 03:29:57"
177.194.134.173;8080;Transparent;false;"Brazil";1693;97;"Nov 25 03:29:34"
190.212.137.138;8080;Anonymous;false;"Nicaragua";12101;92;"Nov 25 03:29:29"
186.228.43.34;8080;Transparent;false;"Brazil";782;80;"Nov 25 03:29:25"
186.207.152.173;8080;Transparent;false;"Brazil";2849;87;"Nov 25 03:29:24"
177.125.167.253;8080;Transparent;false;"Brazil";1554;96;"Nov 25 03:29:20"
190.203.227.146;8080;Distorting;false;"Venezuela";3753;50;"Nov 25 03:29:12"
190.199.55.92;8080;Transparent;false;"Venezuela";11112;90;"Nov 25 03:29:08"
122.144.3.198;8080;Transparent;false;"Indonesia";1613;93;"Nov 25 03:27:43"
125.162.40.45;8080;Transparent;false;"Indonesia";32153;90;"Nov 25 03:26:21"
95.87.239.115;8080;Transparent;false;"Bulgaria";3533;87;"Nov 25 03:09:15"
95.82.73.36;8080;Transparent;false;"Iran";16955;86;"Nov 25 03:09:12"
91.102.162.246;8080;Anonymous;false;"Turkey";3820;59;"Nov 25 03:08:01"
89.28.120.189;8080;Transparent;false;"Moldova";461;86;"Nov 25 03:07:57"
89.237.134.10;8080;Distorting;false;"Saudi Arabia";4957;96;"Nov 25 03:07:57"
178.49.173.199;8080;Transparent;false;"Russian Federation";1614;87;"Nov 24 17:40:37"
118.139.178.227;8080;Distorting;false;"Singapore";11074;64;"Nov 24 17:35:56"
71.61.84.216;8080;Transparent;false;"United States";12263;79;"Nov 24 17:16:11"
89.144.131.106;8080;Transparent;false;"Iran";2190;85;"Nov 24 16:25:05"
219.83.100.205;8080;Transparent;false;"Indonesia";9297;88;"Nov 24 16:11:03"
218.22.71.126;8080;Transparent;false;"China";10265;67;"Nov 24 15:20:59"
110.77.149.146;8080;Transparent;false;"Thailand";4224;89;"Nov 24 15:01:14"
112.65.171.122;8080;Anonymous;false;"China";18225;37;"Nov 24 14:58:33"
180.153.163.116;8080;Distorting;false;"China";3448;98;"Nov 24 13:31:01"
221.7.25.173;8080;Anonymous;false;"China";18863;59;"Nov 24 13:13:09"
200.52.187.40;8080;Transparent;false;"Mexico";3529;66;"Nov 24 03:35:47"
89.45.128.1;8080;Transparent;false;"Romania";536;84;"Nov 24 03:12:14"
219.76.104.17;8080;Transparent;false;"Hong Kong";41765;89;"Nov 24 00:52:23"
186.89.183.139;8080;Transparent;false;"Venezuela";13804;75;"Nov 24 00:38:29"
180.241.238.147;8080;Transparent;false;"Indonesia";9350;86;"Nov 23 10:40:58"
190.94.3.90;8080;Transparent;false;"Dominican Republic";8640;76;"Nov 22 05:01:30"
218.61.18.178;8080;Socks4;true;"China";30;96;"Nov 16 22:27:25"
117.25.150.34;8080;Socks5;true;"China";30;100;"Nov 8 01:52:57"
